{
  "_fv": 24,
  "_type": "armor",
  "definition": {
    "enableHelmet": true,
    "textureHelmet": "ricardo_head",
    "enableBody": true,
    "textureBody": "ricardo_body",
    "enableLeggings": true,
    "textureLeggings": "ricardo_leggings",
    "enableBoots": true,
    "textureBoots": "ricardo_boots",
    "creativeTab": {
      "value": "COMBAT"
    },
    "armorTextureFile": "ricardo",
    "helmetName": "Ricardo Helmet",
    "bodyName": "Ricardo Chestplate",
    "leggingsName": "Ricardo Leggings",
    "bootsName": "Ricardo Boots",
    "helmetSpecialInfo": [],
    "bodySpecialInfo": [],
    "leggingsSpecialInfo": [],
    "bootsSpecialInfo": [],
    "helmetModelName": "Default",
    "helmetModelPart": "Helmet",
    "helmetModelTexture": "From armor",
    "bodyModelName": "Default",
    "bodyModelPart": "Body",
    "armsModelPartL": "Arms L",
    "armsModelPartR": "Arms R",
    "bodyModelTexture": "From armor",
    "leggingsModelName": "Default",
    "leggingsModelPartL": "Leggings L",
    "leggingsModelPartR": "Leggings R",
    "leggingsModelTexture": "From armor",
    "bootsModelName": "Default",
    "bootsModelPartL": "Boots L",
    "bootsModelPartR": "Boots R",
    "bootsModelTexture": "From armor",
    "helmetImmuneToFire": false,
    "bodyImmuneToFire": false,
    "leggingsImmuneToFire": false,
    "bootsImmuneToFire": false,
    "maxDamage": 1000,
    "damageValueHelmet": 1000,
    "damageValueBody": 1000,
    "damageValueLeggings": 1000,
    "damageValueBoots": 1000,
    "enchantability": 50,
    "toughness": 0.0,
    "knockbackResistance": 0.0,
    "equipSound": {
      "value": "item.armor.equip_netherite"
    },
    "repairItems": [
      {
        "value": "CUSTOM:RicardoGem"
      }
    ]
  }
}